title,company,location,source,posted_date
"Integration Engineer -MFT Developer",MI Softech Inc,"United States (Remote)",linkedin,2026-09-12
"Platform Engineer - Healthcare Cloud Platform",UST,"Chicago, IL (Remote)",linkedin,2026-09-12
"Senior Software Engineer, Care Automation",Ladders,"United States (Remote)",linkedin,2026-09-12
"Senior Healthcare Data Engineer",Jobot,"Denver, CO (Remote)",linkedin,2026-09-12
"Senior Software Engineer - Comms & Docs",Snapsheet Inc,"United States (Remote)",linkedin,2026-09-12
"Forward Deployed Engineer (Healthcare/ BFSI/ Industries)",Intuitive.ai,"United States (Remote)",linkedin,2026-09-12
"Senior Java Engineer",Haystack,"United States (Remote)",linkedin,2026-09-12
"Software Engineer (Scala)",thatDot,"United States (Remote)",linkedin,2026-09-12
"Remote Senior Backend Engineer (Python/FastAPI)",Turing,"Seattle, WA (Remote)",linkedin,2026-09-12
"Senior Software Developer",Respondus,"Redmond, WA (Remote)",linkedin,2026-09-12
"Staff Backend Software Engineer",Tebra,"United States (Remote)",linkedin,2026-09-12
"Senior Software Engineer",EquipmentShare,"United States (Remote)",linkedin,2026-09-12
"Senior Platform Engineer",Veterans United Home Loans,"United States (Remote)",linkedin,2026-09-12
"Recruiter, Technical Staffing",Example Staffing Co,"United States (Remote)",linkedin,2026-09-12
"Senior DevOps Engineer",Vendor Partners LLC,"United States (Remote)",linkedin,2026-09-12
